{
  "state": [
    0.5235987755982988,
    2.6179938779914944,
    0.2,
    -0.2
  ],
  "palette": {
    "1": [
      255,
      0,
      0
    ],
    "2": [
      255,
      170,
      0
    ],
    "3": [
      170,
      255,
      0
    ],
    "4": [
      0,
      255,
      0
    ],
    "5": [
      0,
      255,
      169
    ],
    "6": [
      0,
      169,
      255
    ],
    "7": [
      0,
      0,
      255
    ],
    "8": [
      170,
      0,
      255
    ],
    "9": [
      255,
      0,
      170
    ]
  },
  "description": "Pendulum preset with initial angles: 0.524, 2.618"
}