{
  "state": [
    0.5235987755982988,
    2.6179938779914944,
    0.2,
    -0.2
  ],
  "palette": {
    "1": [
      255,
      50,
      50
    ],
    "2": [
      50,
      255,
      50
    ],
    "3": [
      50,
      50,
      255
    ],
    "4": [
      255,
      255,
      50
    ],
    "5": [
      255,
      50,
      255
    ],
    "6": [
      50,
      255,
      255
    ],
    "7": [
      255,
      150,
      50
    ],
    "8": [
      150,
      50,
      255
    ],
    "9": [
      255,
      255,
      255
    ]
  },
  "description": "Pendulum preset with initial angles: 0.524, 2.618"
}