{
  "state": [
    1.5707963267948966,
    0.7853981633974483,
    1.0,
    -0.5
  ],
  "palette": {
    "1": [
      255,
      50,
      50
    ],
    "2": [
      50,
      255,
      50
    ],
    "3": [
      50,
      50,
      255
    ],
    "4": [
      255,
      255,
      50
    ],
    "5": [
      255,
      50,
      255
    ],
    "6": [
      50,
      255,
      255
    ],
    "7": [
      255,
      150,
      50
    ],
    "8": [
      150,
      50,
      255
    ],
    "9": [
      255,
      255,
      255
    ]
  },
  "description": "Pendulum preset with initial angles: 1.571, 0.785"
}