{
  "state": [
    1.0471975511965976,
    -1.0471975511965976,
    0.5,
    0.5
  ],
  "palette": {
    "1": [
      255,
      50,
      50
    ],
    "2": [
      50,
      255,
      50
    ],
    "3": [
      50,
      50,
      255
    ],
    "4": [
      255,
      255,
      50
    ],
    "5": [
      255,
      50,
      255
    ],
    "6": [
      50,
      255,
      255
    ],
    "7": [
      255,
      150,
      50
    ],
    "8": [
      150,
      50,
      255
    ],
    "9": [
      255,
      255,
      255
    ]
  },
  "description": "Pendulum preset with initial angles: 1.047, -1.047"
}