{
  "state": [
    0.7853981633974483,
    2.356194490192345,
    0.8,
    -0.8
  ],
  "palette": {
    "1": [
      255,
      0,
      0
    ],
    "2": [
      255,
      170,
      0
    ],
    "3": [
      170,
      255,
      0
    ],
    "4": [
      0,
      255,
      0
    ],
    "5": [
      0,
      255,
      169
    ],
    "6": [
      0,
      169,
      255
    ],
    "7": [
      0,
      0,
      255
    ],
    "8": [
      170,
      0,
      255
    ],
    "9": [
      255,
      0,
      170
    ]
  },
  "description": "Pendulum preset with initial angles: 0.785, 2.356"
}