{
  "state": [
    0.7853981633974483,
    2.356194490192345,
    0.8,
    -0.8
  ],
  "palette": {
    "1": [
      0,
      0,
      255
    ],
    "2": [
      0,
      191,
      255
    ],
    "3": [
      0,
      255,
      255
    ],
    "4": [
      0,
      255,
      127
    ],
    "5": [
      0,
      255,
      0
    ],
    "6": [
      127,
      255,
      212
    ],
    "7": [
      138,
      43,
      226
    ],
    "8": [
      75,
      0,
      130
    ],
    "9": [
      255,
      255,
      255
    ]
  },
  "description": "Pendulum preset with initial angles: 0.785, 2.356"
}