{
  "state": [
    0.7853981633974483,
    2.356194490192345,
    0.8,
    -0.8
  ],
  "palette": {
    "1": [
      255,
      0,
      0
    ],
    "2": [
      255,
      69,
      0
    ],
    "3": [
      255,
      140,
      0
    ],
    "4": [
      255,
      165,
      0
    ],
    "5": [
      255,
      215,
      0
    ],
    "6": [
      255,
      255,
      0
    ],
    "7": [
      255,
      255,
      224
    ],
    "8": [
      255,
      192,
      203
    ],
    "9": [
      255,
      255,
      255
    ]
  },
  "description": "Pendulum preset with initial angles: 0.785, 2.356"
}